STATE/UT,CRIME_HEAD,2001,2002,2003,2004,2005,2006,2007,2008,2009,2010,2011,2012,2013,Case_Reported
Andhra Pradesh,INFANTICIDE,1,1,3,0,0,0,1,0,5,6,1,6,6,30
Arunanchal Pradesh,INFANTICIDE,0,0,0,0,0,0,0,0,0,0,0,0,0,0
Assam,INFANTICIDE,0,5,0,0,1,0,0,0,0,0,0,0,0,6
Bihar,INFANTICIDE,0,0,0,0,2,0,2,2,0,2,5,2,0,15
Chhattisgarh,INFANTICIDE,7,29,5,12,0,15,11,6,2,0,10,5,3,105
Goa,INFANTICIDE,0,0,0,0,0,1,0,0,0,1,0,0,0,2
Gujarat,INFANTICIDE,2,0,0,1,6,0,7,0,0,0,0,0,0,16
Haryana,INFANTICIDE,0,3,0,1,0,0,1,5,0,0,0,0,0,10
Himachal Pradesh,INFANTICIDE,0,0,3,0,0,0,0,0,0,0,0,0,0,3
Jammu & Kashmir,INFANTICIDE,0,0,0,0,0,0,0,0,1,0,0,0,1,2
Jharkhand,INFANTICIDE,0,0,0,0,0,0,0,0,0,2,0,0,0,2
Karnataka,INFANTICIDE,6,2,0,2,1,1,0,3,0,1,1,1,1,19
Kerala,INFANTICIDE,1,1,0,2,0,1,3,0,0,1,1,0,0,10
Madhya Pradesh,INFANTICIDE,7,9,4,6,9,17,10,1,9,8,12,13,1,106
Maharashtra,INFANTICIDE,13,9,9,4,2,3,5,6,0,0,9,12,2,74
Manipur,INFANTICIDE,0,0,0,0,0,0,0,0,0,0,0,0,0,0
Meghalaya,INFANTICIDE,0,0,0,0,1,0,0,0,2,0,0,0,1,4
Mizoram,INFANTICIDE,0,0,0,0,0,0,0,0,0,0,0,0,0,0
Nagaland,INFANTICIDE,0,0,0,0,0,1,1,0,0,0,0,0,0,2
Odisha,INFANTICIDE,0,0,0,0,3,1,0,0,0,0,0,0,0,4
Punjab,INFANTICIDE,1,0,11,3,9,4,3,1,2,0,4,1,1,40
Rajasthan,INFANTICIDE,0,1,3,1,0,0,4,0,1,8,0,3,1,22
Sikkim,INFANTICIDE,0,0,0,2,1,0,0,0,0,0,0,1,0,4
Tamil Nadu,INFANTICIDE,0,19,18,3,1,1,6,4,2,0,2,1,4,61
Tripura,INFANTICIDE,0,0,0,0,0,0,0,0,0,0,0,0,0,0
Uttar Pradesh,INFANTICIDE,78,45,28,26,44,42,90,90,15,53,22,19,20,572
Uttarakhand,INFANTICIDE,0,0,0,0,0,0,0,0,0,0,0,0,0,0
West Bengal,INFANTICIDE,0,0,0,0,0,0,3,0,0,0,0,1,0,4
Andaman & Nicobar Island,INFANTICIDE,0,0,0,0,0,0,0,0,0,0,0,0,0,0
Chandigarh,INFANTICIDE,0,0,0,0,0,0,0,0,0,0,0,0,0,0
Dadara & Nagar Havelli,INFANTICIDE,0,0,0,0,0,0,0,0,0,0,0,0,0,0
Daman & Diu,INFANTICIDE,0,0,0,0,0,0,0,0,0,0,0,0,0,0
NCT of Delhi,INFANTICIDE,1,0,0,0,0,0,0,0,1,0,0,3,1,6
Lakshadweep,INFANTICIDE,0,0,0,0,0,0,0,0,0,0,0,0,0,0
Puducherry,INFANTICIDE,0,0,0,0,0,0,0,0,0,0,0,0,0,0
Andhra Pradesh,MURDER OF CHILDREN,42,50,96,144,85,88,121,98,78,66,118,140,97,1223
Arunanchal Pradesh,MURDER OF CHILDREN,0,0,0,0,0,0,0,0,0,0,0,0,0,0
Assam,MURDER OF CHILDREN,0,2,3,2,15,15,5,3,3,6,10,15,19,98
Bihar,MURDER OF CHILDREN,9,11,16,17,41,11,159,239,263,323,264,220,128,1701
Chhattisgarh,MURDER OF CHILDREN,18,18,30,32,33,66,49,47,53,68,59,74,54,601
Goa,MURDER OF CHILDREN,1,2,0,5,2,6,2,4,8,3,0,2,0,35
Gujarat,MURDER OF CHILDREN,62,40,36,24,69,87,73,49,47,73,77,52,63,752
Haryana,MURDER OF CHILDREN,42,19,30,32,33,39,27,40,18,18,15,58,110,481
Himachal Pradesh,MURDER OF CHILDREN,4,2,4,6,5,2,8,6,8,8,9,9,8,79
Jammu & Kashmir,MURDER OF CHILDREN,2,0,0,1,5,0,0,0,0,1,8,0,10,27
Jharkhand,MURDER OF CHILDREN,0,6,5,6,13,10,4,2,2,2,7,1,8,66
Karnataka,MURDER OF CHILDREN,8,40,23,36,30,38,46,59,56,46,42,65,107,596
Kerala,MURDER OF CHILDREN,23,65,26,44,32,110,19,45,39,44,40,29,39,555
Madhya Pradesh,MURDER OF CHILDREN,99,97,210,159,149,172,161,151,167,176,181,191,163,2076
Maharashtra,MURDER OF CHILDREN,194,226,203,203,212,223,271,192,187,251,239,255,221,2877
Manipur,MURDER OF CHILDREN,0,0,19,0,2,1,3,0,0,0,1,0,1,27
Meghalaya,MURDER OF CHILDREN,0,0,0,0,1,7,5,5,2,2,3,1,0,26
Mizoram,MURDER OF CHILDREN,0,0,0,0,0,0,3,0,0,1,0,1,1,6
Nagaland,MURDER OF CHILDREN,0,0,0,0,0,1,1,0,0,0,5,0,0,7
Odisha,MURDER OF CHILDREN,2,7,21,9,11,14,15,18,13,15,18,25,50,218
Punjab,MURDER OF CHILDREN,34,12,17,50,25,18,25,41,98,53,62,43,35,513
Rajasthan,MURDER OF CHILDREN,15,11,25,8,49,68,77,84,92,48,48,35,60,620
Sikkim,MURDER OF CHILDREN,5,4,1,0,0,0,1,0,1,13,3,0,0,28
Tamil Nadu,MURDER OF CHILDREN,20,36,41,65,50,57,54,78,84,90,126,118,103,922
Tripura,MURDER OF CHILDREN,0,0,0,3,1,3,36,13,18,2,21,3,8,108
Uttar Pradesh,MURDER OF CHILDREN,867,606,672,772,583,593,577,553,619,590,647,927,938,8944
Uttarakhand,MURDER OF CHILDREN,16,15,7,5,6,17,13,4,7,3,7,8,9,117
West Bengal,MURDER OF CHILDREN,2,3,2,3,4,4,11,22,16,32,16,37,64,216
Andaman & Nicobar Island,MURDER OF CHILDREN,0,0,1,0,1,0,0,8,1,2,1,1,0,15
Chandigarh,MURDER OF CHILDREN,0,2,3,3,3,2,1,0,1,0,6,0,3,24
Dadara & Nagar Havelli,MURDER OF CHILDREN,0,0,0,1,4,0,0,0,1,0,1,0,0,7
Daman & Diu,MURDER OF CHILDREN,0,0,0,0,1,0,3,0,0,0,0,0,0,4
NCT of Delhi,MURDER OF CHILDREN,16,31,39,54,41,71,77,60,60,45,61,43,71,669
Lakshadweep,MURDER OF CHILDREN,1,0,0,0,0,0,0,0,0,0,0,0,0,1
Puducherry,MURDER OF CHILDREN,0,0,1,1,0,2,2,1,1,0,0,0,0,8
Andhra Pradesh,RAPE OF CHILDREN,102,136,326,385,378,434,403,484,492,559,720,604,820,5843
Arunanchal Pradesh,RAPE OF CHILDREN,0,2,0,6,11,0,1,9,15,14,20,18,33,129
Assam,RAPE OF CHILDREN,0,3,5,6,90,61,34,14,11,24,40,155,223,666
Bihar,RAPE OF CHILDREN,23,3,3,3,5,11,129,96,66,112,93,148,96,788
Chhattisgarh,RAPE OF CHILDREN,184,162,184,308,343,455,376,436,431,426,555,531,682,5073
Goa,RAPE OF CHILDREN,12,7,22,32,29,15,16,33,38,35,21,49,63,372
Gujarat,RAPE OF CHILDREN,45,49,102,105,123,158,160,141,118,137,166,210,314,1828
Haryana,RAPE OF CHILDREN,135,100,109,127,162,206,148,110,115,121,73,379,477,2262
Himachal Pradesh,RAPE OF CHILDREN,49,35,48,42,79,52,40,65,90,107,83,129,205,1024
Jammu & Kashmir,RAPE OF CHILDREN,5,8,3,4,0,7,9,3,6,5,8,21,25,104
Jharkhand,RAPE OF CHILDREN,31,46,19,46,51,42,24,11,23,0,16,4,10,323
Karnataka,RAPE OF CHILDREN,9,28,30,35,56,84,86,127,135,104,147,178,330,1349
Kerala,RAPE OF CHILDREN,92,70,80,111,127,388,204,259,315,240,570,604,703,3763
Madhya Pradesh,RAPE OF CHILDREN,445,696,742,960,1112,1085,1304,1109,1331,1410,1524,1970,2538,16226
Maharashtra,RAPE OF CHILDREN,429,551,844,698,757,768,762,905,797,936,1053,1257,1932,11689
Manipur,RAPE OF CHILDREN,0,0,7,4,3,7,1,1,6,6,5,7,3,50
Meghalaya,RAPE OF CHILDREN,0,0,0,0,27,13,30,32,48,64,48,84,99,445
Mizoram,RAPE OF CHILDREN,0,0,0,0,0,35,60,18,11,42,41,74,56,337
Nagaland,RAPE OF CHILDREN,0,0,0,1,0,3,2,3,0,3,15,8,3,38
Odisha,RAPE OF CHILDREN,16,23,53,34,18,83,98,68,88,91,150,242,479,1443
Punjab,RAPE OF CHILDREN,56,81,71,101,61,73,127,130,259,184,172,282,520,2117
Rajasthan,RAPE OF CHILDREN,49,35,56,133,254,288,349,362,318,277,328,491,902,3842
Sikkim,RAPE OF CHILDREN,1,4,8,1,8,14,17,12,14,11,12,19,43,164
Tamil Nadu,RAPE OF CHILDREN,22,29,44,177,97,134,159,176,199,208,263,333,505,2346
Tripura,RAPE OF CHILDREN,0,0,0,28,6,28,14,97,52,93,144,12,68,542
Uttar Pradesh,RAPE OF CHILDREN,820,550,429,602,531,480,694,1179,817,678,1573,1581,2143,12077
Uttarakhand,RAPE OF CHILDREN,10,8,11,35,25,39,22,12,5,11,25,33,39,275
West Bengal,RAPE OF CHILDREN,11,16,17,17,6,33,43,129,68,94,182,178,354,1148
Andaman & Nicobar Island,RAPE OF CHILDREN,0,0,2,0,6,6,3,10,28,23,15,17,29,139
Chandigarh,RAPE OF CHILDREN,14,5,16,0,23,7,11,12,20,27,17,18,27,197
Dadara & Nagar Havelli,RAPE OF CHILDREN,0,0,0,0,0,2,2,4,3,1,1,1,4,18
Daman & Diu,RAPE OF CHILDREN,0,0,5,0,1,1,0,0,1,1,0,9,4,22
NCT of Delhi,RAPE OF CHILDREN,131,155,186,226,243,466,423,312,387,349,402,516,804,4600
Lakshadweep,RAPE OF CHILDREN,0,0,0,0,0,0,0,0,0,0,0,0,0,0
Puducherry,RAPE OF CHILDREN,4,4,1,6,4,11,5,4,1,5,17,9,14,85
Andhra Pradesh,KIDNAPPING and ABDUCTION OF CHILDREN,69,127,360,475,448,600,654,563,638,589,744,826,1012,7105
Arunanchal Pradesh,KIDNAPPING and ABDUCTION OF CHILDREN,0,3,0,5,13,18,3,11,12,6,14,20,32,137
Assam,KIDNAPPING and ABDUCTION OF CHILDREN,0,7,0,0,18,25,29,9,7,11,30,68,75,279
Bihar,KIDNAPPING and ABDUCTION OF CHILDREN,39,57,69,38,74,44,603,931,988,1839,2027,1870,1577,10156
Chhattisgarh,KIDNAPPING and ABDUCTION OF CHILDREN,38,29,39,70,95,115,87,105,102,200,209,244,435,1768
Goa,KIDNAPPING and ABDUCTION OF CHILDREN,7,6,11,12,12,14,5,28,24,12,16,13,34,194
Gujarat,KIDNAPPING and ABDUCTION OF CHILDREN,132,216,268,277,369,391,505,606,528,607,721,938,1496,7054
Haryana,KIDNAPPING and ABDUCTION OF CHILDREN,132,66,96,80,60,123,138,89,121,116,83,505,488,2097
Himachal Pradesh,KIDNAPPING and ABDUCTION OF CHILDREN,31,22,30,24,52,41,32,69,67,72,66,85,81,672
Jammu & Kashmir,KIDNAPPING and ABDUCTION OF CHILDREN,14,12,41,30,19,57,9,4,1,3,11,18,40,259
Jharkhand,KIDNAPPING and ABDUCTION OF CHILDREN,9,46,2,46,18,23,6,36,10,1,19,29,34,279
Karnataka,KIDNAPPING and ABDUCTION OF CHILDREN,10,28,29,33,45,50,62,69,92,167,85,211,379,1260
Kerala,KIDNAPPING and ABDUCTION OF CHILDREN,24,38,16,21,107,126,96,93,105,109,114,163,155,1167
Madhya Pradesh,KIDNAPPING and ABDUCTION OF CHILDREN,145,203,248,244,351,304,271,357,547,527,585,735,1165,5682
Maharashtra,KIDNAPPING and ABDUCTION OF CHILDREN,269,365,442,465,503,612,680,699,629,844,973,1068,1495,9044
Manipur,KIDNAPPING and ABDUCTION OF CHILDREN,0,0,63,19,11,30,17,5,34,33,43,26,6,287
Meghalaya,KIDNAPPING and ABDUCTION OF CHILDREN,0,0,0,0,2,1,7,12,4,10,6,5,17,64
Mizoram,KIDNAPPING and ABDUCTION OF CHILDREN,0,0,0,0,0,0,0,1,2,0,3,1,2,9
Nagaland,KIDNAPPING and ABDUCTION OF CHILDREN,0,0,0,0,0,0,2,3,0,7,0,4,8,24
Odisha,KIDNAPPING and ABDUCTION OF CHILDREN,24,10,23,12,25,23,36,24,36,39,63,87,250,652
Punjab,KIDNAPPING and ABDUCTION OF CHILDREN,43,51,49,109,90,67,165,160,451,424,390,356,493,2848
Rajasthan,KIDNAPPING and ABDUCTION OF CHILDREN,76,37,30,116,85,255,300,251,465,382,437,518,709,3661
Sikkim,KIDNAPPING and ABDUCTION OF CHILDREN,0,0,0,0,2,0,3,1,4,8,6,8,25,57
Tamil Nadu,KIDNAPPING and ABDUCTION OF CHILDREN,8,35,24,105,68,146,197,216,325,343,479,560,506,3012
Tripura,KIDNAPPING and ABDUCTION OF CHILDREN,0,0,0,13,17,0,9,25,1,37,39,7,20,168
Uttar Pradesh,KIDNAPPING and ABDUCTION OF CHILDREN,1968,957,970,1351,1192,1120,1563,3043,2370,1937,5760,8394,12978,43603
Uttarakhand,KIDNAPPING and ABDUCTION OF CHILDREN,26,7,14,4,50,7,49,39,11,18,35,51,31,342
West Bengal,KIDNAPPING and ABDUCTION OF CHILDREN,82,84,59,134,124,233,110,154,167,377,544,558,739,3365
Andaman & Nicobar Island,KIDNAPPING and ABDUCTION OF CHILDREN,0,0,1,0,0,4,6,9,5,13,10,7,3,58
Chandigarh,KIDNAPPING and ABDUCTION OF CHILDREN,27,22,13,14,29,29,36,39,15,17,30,21,55,347
Dadara & Nagar Havelli,KIDNAPPING and ABDUCTION OF CHILDREN,0,0,5,0,4,10,4,17,11,11,3,13,2,80
Daman & Diu,KIDNAPPING and ABDUCTION OF CHILDREN,0,0,1,0,4,1,0,0,0,0,0,0,1,7
NCT of Delhi,KIDNAPPING and ABDUCTION OF CHILDREN,162,137,131,162,157,396,410,388,326,318,439,438,603,4067
Lakshadweep,KIDNAPPING and ABDUCTION OF CHILDREN,0,0,0,0,0,0,0,0,0,0,0,0,0,0
Puducherry,KIDNAPPING and ABDUCTION OF CHILDREN,0,10,1,4,5,23,10,10,14,8,10,16,5,116
Andhra Pradesh,FOETICIDE,0,0,0,0,1,4,0,1,1,0,6,0,2,15
Arunanchal Pradesh,FOETICIDE,0,0,0,0,0,0,0,0,0,0,0,0,0,0
Assam,FOETICIDE,0,0,0,0,1,1,0,0,0,0,0,0,0,2
Bihar,FOETICIDE,0,0,0,1,0,0,0,0,15,0,3,1,2,22
Chhattisgarh,FOETICIDE,15,0,6,6,8,1,8,3,2,0,8,1,9,67
Goa,FOETICIDE,0,0,0,0,0,0,0,0,0,0,0,0,0,0
Gujarat,FOETICIDE,1,1,0,0,1,5,1,1,1,0,0,0,0,11
Haryana,FOETICIDE,7,2,5,2,9,9,1,7,0,1,0,2,6,51
Himachal Pradesh,FOETICIDE,0,0,0,1,0,5,0,1,2,0,0,0,0,9
Jammu & Kashmir,FOETICIDE,0,1,0,0,0,0,0,0,0,5,0,0,0,6
Jharkhand,FOETICIDE,0,0,3,0,0,15,0,0,0,0,1,0,0,19
Karnataka,FOETICIDE,0,0,0,0,0,0,0,1,0,0,0,0,0,1
Kerala,FOETICIDE,0,1,0,0,2,0,0,0,0,0,0,1,0,4
Madhya Pradesh,FOETICIDE,2,2,11,10,7,6,11,12,21,7,8,12,10,119
Maharashtra,FOETICIDE,13,11,5,9,3,11,0,4,7,10,13,29,10,125
Manipur,FOETICIDE,0,0,0,0,0,0,0,0,0,0,0,0,0,0
Meghalaya,FOETICIDE,0,0,0,0,0,0,0,0,0,0,0,0,0,0
Mizoram,FOETICIDE,0,0,0,0,0,0,0,0,0,0,0,0,0,0
Nagaland,FOETICIDE,0,0,0,0,0,0,0,0,0,0,0,0,0,0
Odisha,FOETICIDE,0,0,0,0,0,0,8,0,0,0,0,0,0,8
Punjab,FOETICIDE,6,2,4,6,14,7,9,8,9,1,0,0,1,67
Rajasthan,FOETICIDE,4,0,0,4,3,8,0,0,4,8,1,9,13,54
Sikkim,FOETICIDE,0,0,0,0,0,0,0,0,0,0,0,2,0,2
Tamil Nadu,FOETICIDE,0,0,0,0,0,0,0,0,0,0,0,0,0,0
Tripura,FOETICIDE,0,0,0,0,0,0,0,0,0,0,0,0,0,0
Uttar Pradesh,FOETICIDE,1,1,1,4,0,5,2,5,0,15,23,25,36,118
Uttarakhand,FOETICIDE,0,0,0,0,0,0,0,0,0,0,0,0,0,0
West Bengal,FOETICIDE,0,0,0,0,0,0,0,1,0,0,0,0,5,6
Andaman & Nicobar Island,FOETICIDE,0,0,0,0,0,0,0,0,0,1,0,0,1,2
Chandigarh,FOETICIDE,0,0,0,0,0,0,0,0,0,0,0,0,0,0
Dadara & Nagar Havelli,FOETICIDE,0,0,0,0,0,0,0,0,0,0,0,0,0,0
Daman & Diu,FOETICIDE,0,0,0,0,0,0,0,0,0,0,0,0,0,0
NCT of Delhi,FOETICIDE,1,18,4,4,6,0,1,0,0,3,7,1,0,45
Lakshadweep,FOETICIDE,0,0,0,0,0,0,0,0,0,0,0,0,0,0
Puducherry,FOETICIDE,0,0,0,0,0,0,0,0,0,0,0,0,0,0
Andhra Pradesh,ABETMENT OF SUICIDE,7,15,0,0,6,18,7,5,13,10,18,23,25,147
Arunanchal Pradesh,ABETMENT OF SUICIDE,0,0,0,0,0,0,0,0,0,0,0,0,0,0
Assam,ABETMENT OF SUICIDE,0,0,0,0,5,5,0,0,0,0,0,0,0,10
Bihar,ABETMENT OF SUICIDE,0,0,0,0,0,0,0,0,0,0,0,0,0,0
Chhattisgarh,ABETMENT OF SUICIDE,3,1,5,6,13,2,2,3,3,1,21,8,7,75
Goa,ABETMENT OF SUICIDE,0,0,0,0,0,0,0,4,0,0,0,1,1,6
Gujarat,ABETMENT OF SUICIDE,0,1,0,3,1,1,0,0,0,1,6,1,0,14
Haryana,ABETMENT OF SUICIDE,0,0,0,1,0,0,3,0,2,0,0,3,4,13
Himachal Pradesh,ABETMENT OF SUICIDE,0,0,0,0,0,5,0,0,1,0,3,0,1,10
Jammu & Kashmir,ABETMENT OF SUICIDE,0,0,0,0,0,0,0,0,0,0,0,0,0,0
Jharkhand,ABETMENT OF SUICIDE,0,0,0,0,0,0,0,0,0,0,0,0,0,0
Karnataka,ABETMENT OF SUICIDE,0,0,0,3,0,0,0,0,0,0,0,0,0,3
Kerala,ABETMENT OF SUICIDE,0,0,0,0,1,0,0,6,0,3,1,2,8,21
Madhya Pradesh,ABETMENT OF SUICIDE,5,3,7,9,7,6,8,7,14,16,10,36,40,168
Maharashtra,ABETMENT OF SUICIDE,4,9,9,15,17,8,13,2,14,27,26,28,40,212
Manipur,ABETMENT OF SUICIDE,0,0,0,0,0,0,0,0,0,0,0,0,0,0
Meghalaya,ABETMENT OF SUICIDE,0,0,0,0,0,0,0,0,0,0,0,0,0,0
Mizoram,ABETMENT OF SUICIDE,0,0,0,0,0,0,0,0,0,0,0,0,0,0
Nagaland,ABETMENT OF SUICIDE,0,0,0,0,0,0,0,0,0,0,0,0,0,0
Odisha,ABETMENT OF SUICIDE,0,0,0,0,0,2,0,0,0,0,0,1,4,7
Punjab,ABETMENT OF SUICIDE,0,0,0,3,0,0,0,0,5,1,0,1,0,10
Rajasthan,ABETMENT OF SUICIDE,0,0,0,0,0,0,0,0,0,1,0,0,1,2
Sikkim,ABETMENT OF SUICIDE,0,0,1,0,0,0,0,0,0,0,0,0,0,1
Tamil Nadu,ABETMENT OF SUICIDE,1,0,0,3,1,0,0,0,0,2,2,2,1,12
Tripura,ABETMENT OF SUICIDE,0,0,0,0,0,0,0,0,0,0,0,0,0,0
Uttar Pradesh,ABETMENT OF SUICIDE,0,0,2,8,6,5,0,0,0,0,14,163,104,302
Uttarakhand,ABETMENT OF SUICIDE,0,0,0,0,0,0,0,0,5,0,0,0,0,5
West Bengal,ABETMENT OF SUICIDE,0,0,0,1,1,0,0,0,0,3,12,8,5,30
Andaman & Nicobar Island,ABETMENT OF SUICIDE,0,0,0,0,0,0,0,0,0,0,0,0,0,0
Chandigarh,ABETMENT OF SUICIDE,0,1,0,0,0,0,1,0,0,0,0,0,0,2
Dadara & Nagar Havelli,ABETMENT OF SUICIDE,0,0,0,0,0,0,0,0,0,0,0,0,0,0
Daman & Diu,ABETMENT OF SUICIDE,0,0,0,0,0,0,0,0,0,0,0,0,0,0
NCT of Delhi,ABETMENT OF SUICIDE,0,0,0,0,0,0,0,0,0,0,0,0,1,1
Lakshadweep,ABETMENT OF SUICIDE,0,0,0,0,0,0,0,0,0,0,0,0,0,0
Puducherry,ABETMENT OF SUICIDE,0,3,0,0,0,0,0,1,0,0,0,0,0,4
Andhra Pradesh,EXPOSURE AND ABANDONMENT,0,0,2,0,14,46,53,24,30,6,25,8,15,223
Arunanchal Pradesh,EXPOSURE AND ABANDONMENT,0,0,0,0,0,0,0,0,0,0,0,0,0,0
Assam,EXPOSURE AND ABANDONMENT,0,0,0,0,0,0,0,0,0,0,0,0,0,0
Bihar,EXPOSURE AND ABANDONMENT,1,2,2,2,0,0,0,0,0,0,2,0,2,11
Chhattisgarh,EXPOSURE AND ABANDONMENT,4,10,0,14,1,3,2,1,2,1,27,6,1,72
Goa,EXPOSURE AND ABANDONMENT,1,1,1,0,3,2,1,1,0,0,2,0,1,13
Gujarat,EXPOSURE AND ABANDONMENT,14,6,9,9,14,9,23,16,14,15,14,15,7,165
Haryana,EXPOSURE AND ABANDONMENT,4,2,4,1,3,7,6,1,2,0,2,3,1,36
Himachal Pradesh,EXPOSURE AND ABANDONMENT,8,3,2,3,2,6,0,0,0,0,0,0,1,25
Jammu & Kashmir,EXPOSURE AND ABANDONMENT,1,2,0,0,0,0,1,1,0,0,0,0,1,6
Jharkhand,EXPOSURE AND ABANDONMENT,0,0,0,0,0,0,0,9,0,0,1,0,0,10
Karnataka,EXPOSURE AND ABANDONMENT,0,0,1,0,0,2,1,0,1,1,3,1,0,10
Kerala,EXPOSURE AND ABANDONMENT,3,6,1,0,2,7,8,3,5,5,1,5,0,46
Madhya Pradesh,EXPOSURE AND ABANDONMENT,16,12,18,22,29,11,20,15,15,9,15,14,10,206
Maharashtra,EXPOSURE AND ABANDONMENT,95,91,99,76,72,76,57,75,46,51,32,66,62,898
Manipur,EXPOSURE AND ABANDONMENT,0,0,0,0,0,0,0,0,0,0,0,0,0,0
Meghalaya,EXPOSURE AND ABANDONMENT,0,0,0,0,0,0,0,0,0,0,0,0,0,0
Mizoram,EXPOSURE AND ABANDONMENT,0,0,0,0,0,0,0,0,0,0,0,1,0,1
Nagaland,EXPOSURE AND ABANDONMENT,0,0,0,0,0,0,0,0,0,0,0,0,0,0
Odisha,EXPOSURE AND ABANDONMENT,0,0,0,0,0,0,0,0,0,0,0,0,0,0
Punjab,EXPOSURE AND ABANDONMENT,0,0,1,0,5,0,1,1,6,0,0,0,0,14
Rajasthan,EXPOSURE AND ABANDONMENT,17,9,13,9,5,14,12,13,9,2,1,17,16,137
Sikkim,EXPOSURE AND ABANDONMENT,0,0,0,0,0,0,1,0,0,0,0,0,0,1
Tamil Nadu,EXPOSURE AND ABANDONMENT,0,5,1,0,3,2,3,0,0,0,1,1,1,17
Tripura,EXPOSURE AND ABANDONMENT,0,0,0,0,0,0,0,0,0,0,0,0,0,0
Uttar Pradesh,EXPOSURE AND ABANDONMENT,0,0,0,0,0,0,0,0,0,0,0,2,2,4
Uttarakhand,EXPOSURE AND ABANDONMENT,0,0,0,0,0,0,0,0,0,0,0,0,0,0
West Bengal,EXPOSURE AND ABANDONMENT,0,0,0,0,0,3,1,0,0,0,0,8,0,12
Andaman & Nicobar Island,EXPOSURE AND ABANDONMENT,0,0,0,0,0,0,0,0,0,0,2,0,0,2
Chandigarh,EXPOSURE AND ABANDONMENT,1,1,4,1,3,2,1,0,10,6,0,0,0,29
Dadara & Nagar Havelli,EXPOSURE AND ABANDONMENT,0,0,0,0,0,0,0,0,0,0,0,0,0,0
Daman & Diu,EXPOSURE AND ABANDONMENT,0,0,0,0,0,0,0,0,0,0,0,0,0,0
NCT of Delhi,EXPOSURE AND ABANDONMENT,2,3,3,1,2,2,5,2,1,1,7,11,2,42
Lakshadweep,EXPOSURE AND ABANDONMENT,0,0,0,0,0,0,0,0,0,0,0,0,0,0
Puducherry,EXPOSURE AND ABANDONMENT,0,0,0,0,0,0,0,1,0,0,0,0,0,1
Andhra Pradesh,PROCURATION OF MINOR GILRS,22,15,30,45,53,47,66,69,51,111,97,37,64,707
Arunanchal Pradesh,PROCURATION OF MINOR GILRS,0,0,0,0,0,0,0,0,0,0,0,0,0,0
Assam,PROCURATION OF MINOR GILRS,0,8,13,6,0,0,0,0,0,75,142,122,129,495
Bihar,PROCURATION OF MINOR GILRS,56,11,1,4,5,5,49,53,88,101,434,38,202,1047
Chhattisgarh,PROCURATION OF MINOR GILRS,0,0,0,1,0,0,3,6,6,23,17,18,32,106
Goa,PROCURATION OF MINOR GILRS,4,6,11,3,0,0,0,0,6,6,1,0,0,37
Gujarat,PROCURATION OF MINOR GILRS,17,0,2,0,0,1,19,2,1,0,3,26,2,73
Haryana,PROCURATION OF MINOR GILRS,3,0,5,0,0,0,0,0,0,0,0,0,0,8
Himachal Pradesh,PROCURATION OF MINOR GILRS,0,7,0,0,0,2,3,1,3,2,1,4,3,26
Jammu & Kashmir,PROCURATION OF MINOR GILRS,0,0,0,0,0,0,0,0,0,0,0,0,1,1
Jharkhand,PROCURATION OF MINOR GILRS,0,11,11,11,10,30,21,63,44,21,12,16,10,260
Karnataka,PROCURATION OF MINOR GILRS,0,9,1,3,7,2,3,5,3,20,8,18,49,128
Kerala,PROCURATION OF MINOR GILRS,4,15,7,5,23,35,26,16,17,10,7,11,14,190
Madhya Pradesh,PROCURATION OF MINOR GILRS,7,15,8,2,2,3,26,16,4,26,27,23,28,187
Maharashtra,PROCURATION OF MINOR GILRS,15,49,23,20,4,49,11,23,53,33,50,60,61,451
Manipur,PROCURATION OF MINOR GILRS,0,0,0,0,0,0,0,0,0,0,0,0,0,0
Meghalaya,PROCURATION OF MINOR GILRS,0,0,0,0,0,0,0,0,3,0,0,0,4,7
Mizoram,PROCURATION OF MINOR GILRS,0,0,0,0,0,0,0,0,0,0,0,0,0,0
Nagaland,PROCURATION OF MINOR GILRS,0,0,0,0,0,0,0,0,0,0,0,0,0,0
Odisha,PROCURATION OF MINOR GILRS,0,5,4,8,0,0,0,0,0,8,8,11,54,98
Punjab,PROCURATION OF MINOR GILRS,11,9,0,0,0,0,0,0,0,0,0,0,0,20
Rajasthan,PROCURATION OF MINOR GILRS,0,0,3,4,0,1,1,0,1,13,14,15,34,86
Sikkim,PROCURATION OF MINOR GILRS,0,0,0,0,0,0,0,0,0,0,0,0,0,0
Tamil Nadu,PROCURATION OF MINOR GILRS,0,0,0,7,0,1,9,1,0,0,0,41,0,59
Tripura,PROCURATION OF MINOR GILRS,0,0,0,0,0,0,0,0,29,18,23,0,1,71
Uttar Pradesh,PROCURATION OF MINOR GILRS,34,11,30,27,0,0,0,0,0,0,0,4,0,106
Uttarakhand,PROCURATION OF MINOR GILRS,14,21,13,23,22,32,1,2,0,0,0,4,1,133
West Bengal,PROCURATION OF MINOR GILRS,7,12,12,18,28,88,49,35,27,217,133,227,377,1230
Andaman & Nicobar Island,PROCURATION OF MINOR GILRS,0,0,0,0,0,0,0,0,0,0,0,0,0,0
Chandigarh,PROCURATION OF MINOR GILRS,0,0,0,0,0,0,0,0,0,0,0,0,0,0
Dadara & Nagar Havelli,PROCURATION OF MINOR GILRS,0,0,0,0,0,0,0,0,0,0,0,0,0,0
Daman & Diu,PROCURATION OF MINOR GILRS,0,0,0,0,0,0,0,0,0,0,0,0,0,0
NCT of Delhi,PROCURATION OF MINOR GILRS,4,0,0,0,0,2,0,0,1,0,5,1,0,13
Lakshadweep,PROCURATION OF MINOR GILRS,0,0,0,0,0,0,0,0,0,0,0,0,0,0
Puducherry,PROCURATION OF MINOR GILRS,0,0,0,0,0,0,0,0,0,0,0,0,0,0
Andhra Pradesh,BUYING OF GIRLS FOR PROSTITUTION,0,1,0,0,19,17,3,4,0,0,0,0,0,44
Arunanchal Pradesh,BUYING OF GIRLS FOR PROSTITUTION,0,0,0,0,0,0,0,0,0,0,0,0,0,0
Assam,BUYING OF GIRLS FOR PROSTITUTION,0,0,0,0,0,0,0,0,0,0,0,0,0,0
Bihar,BUYING OF GIRLS FOR PROSTITUTION,1,0,0,0,0,0,0,0,0,0,2,4,0,7
Chhattisgarh,BUYING OF GIRLS FOR PROSTITUTION,0,0,0,0,0,0,0,0,0,0,0,0,0,0
Goa,BUYING OF GIRLS FOR PROSTITUTION,0,0,0,0,0,0,0,0,0,0,0,0,0,0
Gujarat,BUYING OF GIRLS FOR PROSTITUTION,0,0,0,0,0,0,0,0,0,0,0,0,0,0
Haryana,BUYING OF GIRLS FOR PROSTITUTION,0,0,0,0,0,0,0,0,0,0,5,0,0,5
Himachal Pradesh,BUYING OF GIRLS FOR PROSTITUTION,0,0,0,0,0,0,0,0,0,0,0,0,0,0
Jammu & Kashmir,BUYING OF GIRLS FOR PROSTITUTION,0,0,0,0,0,0,0,0,0,0,0,0,0,0
Jharkhand,BUYING OF GIRLS FOR PROSTITUTION,0,0,0,0,0,0,0,0,0,3,1,5,2,11
Karnataka,BUYING OF GIRLS FOR PROSTITUTION,0,0,0,0,0,0,0,0,0,0,0,0,0,0
Kerala,BUYING OF GIRLS FOR PROSTITUTION,0,0,0,0,0,0,0,0,0,0,0,0,0,0
Madhya Pradesh,BUYING OF GIRLS FOR PROSTITUTION,0,0,0,0,2,0,0,1,0,0,5,0,0,8
Maharashtra,BUYING OF GIRLS FOR PROSTITUTION,2,10,11,16,17,43,51,41,43,43,43,11,2,333
Manipur,BUYING OF GIRLS FOR PROSTITUTION,0,0,0,0,0,0,0,0,0,0,0,0,0,0
Meghalaya,BUYING OF GIRLS FOR PROSTITUTION,0,0,0,0,0,0,0,0,0,0,0,0,0,0
Mizoram,BUYING OF GIRLS FOR PROSTITUTION,0,0,0,0,0,0,0,0,0,0,0,0,0,0
Nagaland,BUYING OF GIRLS FOR PROSTITUTION,0,0,0,0,0,0,0,0,0,0,0,0,0,0
Odisha,BUYING OF GIRLS FOR PROSTITUTION,0,0,0,0,0,0,0,0,0,0,0,0,0,0
Punjab,BUYING OF GIRLS FOR PROSTITUTION,0,0,0,0,2,0,0,0,0,0,0,0,0,2
Rajasthan,BUYING OF GIRLS FOR PROSTITUTION,0,0,1,5,0,1,0,0,0,0,0,0,4,11
Sikkim,BUYING OF GIRLS FOR PROSTITUTION,0,0,0,0,0,0,0,0,0,0,0,0,0,0
Tamil Nadu,BUYING OF GIRLS FOR PROSTITUTION,0,0,0,0,0,0,0,0,0,0,0,0,0,0
Tripura,BUYING OF GIRLS FOR PROSTITUTION,0,0,0,0,0,0,0,0,0,0,0,0,0,0
Uttar Pradesh,BUYING OF GIRLS FOR PROSTITUTION,3,0,0,0,0,0,4,0,0,0,4,0,0,11
Uttarakhand,BUYING OF GIRLS FOR PROSTITUTION,0,0,0,0,0,0,0,0,0,0,0,0,0,0
West Bengal,BUYING OF GIRLS FOR PROSTITUTION,6,16,19,14,3,6,5,1,2,51,0,4,1,128
Andaman & Nicobar Island,BUYING OF GIRLS FOR PROSTITUTION,0,0,0,0,0,0,0,0,0,0,0,0,0,0
Chandigarh,BUYING OF GIRLS FOR PROSTITUTION,0,0,0,0,0,0,0,0,0,0,0,0,0,0
Dadara & Nagar Havelli,BUYING OF GIRLS FOR PROSTITUTION,0,0,0,0,0,0,0,0,0,0,0,0,0,0
Daman & Diu,BUYING OF GIRLS FOR PROSTITUTION,0,0,0,0,0,0,0,0,0,0,0,0,0,0
NCT of Delhi,BUYING OF GIRLS FOR PROSTITUTION,0,0,0,0,0,0,3,0,0,0,0,1,0,4
Lakshadweep,BUYING OF GIRLS FOR PROSTITUTION,0,0,0,0,0,0,0,0,0,0,0,0,0,0
Puducherry,BUYING OF GIRLS FOR PROSTITUTION,0,0,0,0,0,0,0,0,0,0,0,0,0,0
Andhra Pradesh,SELLING OF GIRLS FOR PROSTITUTION,0,0,1,0,4,7,38,5,3,6,4,8,5,81
Arunanchal Pradesh,SELLING OF GIRLS FOR PROSTITUTION,0,0,0,0,0,0,0,0,0,0,0,0,0,0
Assam,SELLING OF GIRLS FOR PROSTITUTION,0,0,0,1,2,1,0,0,0,3,0,0,0,7
Bihar,SELLING OF GIRLS FOR PROSTITUTION,1,0,0,0,0,0,1,0,0,0,2,12,6,22
Chhattisgarh,SELLING OF GIRLS FOR PROSTITUTION,0,0,0,0,0,0,0,3,0,0,1,0,0,4
Goa,SELLING OF GIRLS FOR PROSTITUTION,0,0,0,0,0,0,0,0,0,0,0,0,0,0
Gujarat,SELLING OF GIRLS FOR PROSTITUTION,0,0,0,0,0,0,0,0,1,0,0,0,2,3
Haryana,SELLING OF GIRLS FOR PROSTITUTION,3,6,0,0,0,0,0,0,0,0,0,0,1,10
Himachal Pradesh,SELLING OF GIRLS FOR PROSTITUTION,0,0,1,0,0,0,0,0,0,0,0,0,0,1
Jammu & Kashmir,SELLING OF GIRLS FOR PROSTITUTION,0,0,0,0,0,0,0,0,0,0,0,0,0,0
Jharkhand,SELLING OF GIRLS FOR PROSTITUTION,0,0,0,0,0,0,0,0,0,1,5,7,4,17
Karnataka,SELLING OF GIRLS FOR PROSTITUTION,0,1,0,0,0,0,0,0,0,0,0,0,3,4
Kerala,SELLING OF GIRLS FOR PROSTITUTION,0,0,0,0,0,0,0,0,0,0,0,0,0,0
Madhya Pradesh,SELLING OF GIRLS FOR PROSTITUTION,0,108,101,0,0,0,6,22,1,8,15,20,6,287
Maharashtra,SELLING OF GIRLS FOR PROSTITUTION,2,1,11,3,1,2,0,1,4,13,9,8,29,84
Manipur,SELLING OF GIRLS FOR PROSTITUTION,0,0,0,0,0,0,0,0,0,0,0,0,0,0
Meghalaya,SELLING OF GIRLS FOR PROSTITUTION,0,0,0,0,0,0,0,0,0,0,0,0,0,0
Mizoram,SELLING OF GIRLS FOR PROSTITUTION,0,0,0,0,0,0,0,0,0,0,0,0,0,0
Nagaland,SELLING OF GIRLS FOR PROSTITUTION,0,0,0,0,0,0,0,0,0,0,0,0,0,0
Odisha,SELLING OF GIRLS FOR PROSTITUTION,0,0,0,0,0,0,0,0,0,0,0,0,0,0
Punjab,SELLING OF GIRLS FOR PROSTITUTION,0,0,0,8,0,1,0,0,0,3,0,0,0,12
Rajasthan,SELLING OF GIRLS FOR PROSTITUTION,0,0,0,0,1,0,0,0,0,0,5,7,0,13
Sikkim,SELLING OF GIRLS FOR PROSTITUTION,0,0,0,0,0,0,0,0,0,0,0,0,0,0
Tamil Nadu,SELLING OF GIRLS FOR PROSTITUTION,0,0,0,0,0,0,0,0,0,0,0,0,0,0
Tripura,SELLING OF GIRLS FOR PROSTITUTION,0,0,0,0,0,0,0,0,0,0,0,0,0,0
Uttar Pradesh,SELLING OF GIRLS FOR PROSTITUTION,3,0,0,0,0,0,0,0,0,0,15,30,0,48
Uttarakhand,SELLING OF GIRLS FOR PROSTITUTION,0,0,0,0,0,0,0,0,0,0,0,0,0,0
West Bengal,SELLING OF GIRLS FOR PROSTITUTION,5,2,7,13,45,120,24,29,21,128,96,32,78,600
Andaman & Nicobar Island,SELLING OF GIRLS FOR PROSTITUTION,0,0,0,0,0,0,0,0,0,0,0,0,0,0
Chandigarh,SELLING OF GIRLS FOR PROSTITUTION,0,0,0,0,0,0,0,0,0,0,0,0,0,0
Dadara & Nagar Havelli,SELLING OF GIRLS FOR PROSTITUTION,0,0,0,0,0,0,0,0,0,0,0,0,0,0
Daman & Diu,SELLING OF GIRLS FOR PROSTITUTION,0,0,0,0,0,0,0,0,0,0,0,0,0,0
NCT of Delhi,SELLING OF GIRLS FOR PROSTITUTION,2,0,0,0,0,0,0,0,1,4,4,4,0,15
Lakshadweep,SELLING OF GIRLS FOR PROSTITUTION,0,0,0,0,0,0,0,0,0,0,0,0,0,0
Puducherry,SELLING OF GIRLS FOR PROSTITUTION,0,0,0,0,0,0,0,0,0,0,0,0,0,0
Andhra Pradesh,PROHIBITION OF CHILD MARRIAGE ACT,3,15,6,11,13,53,39,50,0,9,49,61,44,353
Arunanchal Pradesh,PROHIBITION OF CHILD MARRIAGE ACT,0,0,0,0,0,0,0,0,0,0,0,0,0,0
Assam,PROHIBITION OF CHILD MARRIAGE ACT,0,2,0,3,0,1,1,1,0,0,0,0,1,9
Bihar,PROHIBITION OF CHILD MARRIAGE ACT,10,4,2,2,4,0,20,23,0,12,0,17,2,96
Chhattisgarh,PROHIBITION OF CHILD MARRIAGE ACT,0,163,6,34,13,19,4,10,1,5,16,2,1,274
Goa,PROHIBITION OF CHILD MARRIAGE ACT,0,0,0,0,0,0,0,4,0,0,0,0,0,4
Gujarat,PROHIBITION OF CHILD MARRIAGE ACT,46,146,73,143,112,39,56,108,0,65,68,72,60,988
Haryana,PROHIBITION OF CHILD MARRIAGE ACT,0,5,5,8,28,24,7,14,0,0,3,9,25,128
Himachal Pradesh,PROHIBITION OF CHILD MARRIAGE ACT,0,7,4,4,13,4,6,2,0,13,0,0,7,60
Jammu & Kashmir,PROHIBITION OF CHILD MARRIAGE ACT,0,0,0,0,0,0,0,0,0,0,0,0,0,0
Jharkhand,PROHIBITION OF CHILD MARRIAGE ACT,0,0,0,0,0,0,0,0,0,0,0,0,1,1
Karnataka,PROHIBITION OF CHILD MARRIAGE ACT,17,1,0,0,2,0,0,13,0,3,16,57,74,183
Kerala,PROHIBITION OF CHILD MARRIAGE ACT,1,12,0,2,3,0,0,5,0,15,2,6,16,62
Madhya Pradesh,PROHIBITION OF CHILD MARRIAGE ACT,17,4,13,16,58,10,11,6,0,12,15,15,23,200
Maharashtra,PROHIBITION OF CHILD MARRIAGE ACT,139,90,65,53,123,100,28,20,0,27,110,13,106,874
Manipur,PROHIBITION OF CHILD MARRIAGE ACT,0,0,0,0,0,0,0,0,0,0,0,0,0,0
Meghalaya,PROHIBITION OF CHILD MARRIAGE ACT,0,0,0,0,0,2,1,0,0,0,0,0,0,3
Mizoram,PROHIBITION OF CHILD MARRIAGE ACT,0,0,0,0,0,0,0,0,0,0,0,0,0,0
Nagaland,PROHIBITION OF CHILD MARRIAGE ACT,0,0,0,0,0,0,0,0,0,0,0,0,0,0
Odisha,PROHIBITION OF CHILD MARRIAGE ACT,0,0,0,10,0,2,2,1,1,1,0,2,0,19
Punjab,PROHIBITION OF CHILD MARRIAGE ACT,0,1,4,4,13,22,16,10,0,0,0,0,0,70
Rajasthan,PROHIBITION OF CHILD MARRIAGE ACT,39,10,9,12,12,7,0,2,0,15,23,31,21,181
Sikkim,PROHIBITION OF CHILD MARRIAGE ACT,0,0,0,0,0,0,0,0,0,0,0,0,0,0
Tamil Nadu,PROHIBITION OF CHILD MARRIAGE ACT,0,0,4,13,1,11,5,5,0,0,0,0,182,221
Tripura,PROHIBITION OF CHILD MARRIAGE ACT,0,0,0,0,0,0,1,0,0,1,0,0,5,7
Uttar Pradesh,PROHIBITION OF CHILD MARRIAGE ACT,3,15,29,5,13,0,0,0,0,13,15,17,25,135
Uttarakhand,PROHIBITION OF CHILD MARRIAGE ACT,0,0,0,0,0,0,0,0,0,0,0,0,0,0
West Bengal,PROHIBITION OF CHILD MARRIAGE ACT,0,0,1,8,3,11,24,9,0,0,12,88,68,224
Andaman & Nicobar Island,PROHIBITION OF CHILD MARRIAGE ACT,0,0,0,7,0,0,0,0,0,0,0,0,0,7
Chandigarh,PROHIBITION OF CHILD MARRIAGE ACT,6,0,0,0,0,0,0,0,0,4,0,0,0,10
Dadara & Nagar Havelli,PROHIBITION OF CHILD MARRIAGE ACT,0,0,0,0,0,0,0,0,0,0,0,0,0,0
Daman & Diu,PROHIBITION OF CHILD MARRIAGE ACT,0,0,0,0,0,0,0,0,0,0,0,0,0,0
NCT of Delhi,PROHIBITION OF CHILD MARRIAGE ACT,0,0,3,0,0,0,0,4,0,0,0,3,0,10
Lakshadweep,PROHIBITION OF CHILD MARRIAGE ACT,0,0,0,0,0,0,0,0,0,0,0,0,0,0
Puducherry,PROHIBITION OF CHILD MARRIAGE ACT,0,0,0,0,0,0,0,0,0,9,0,4,1,14
